TRACK_DATA_position;TRACK_DATA_height;TRACK_DATA_radius
1;0.60;0
2;0.60;0
3;0.59;0
4;0.59;0
5;0.58;0
6;0.58;0
7;0.57;0
8;0.56;0
9;0.56;0
10;0.55;0
11;0.54;0
12;0.54;0
13;0.53;0
14;0.52;0
15;0.51;0
16;0.51;0
17;0.50;0
18;0.49;0
19;0.49;0
20;0.48;0
21;0.47;0
22;0.46;0
23;0.46;0
24;0.45;0
25;0.44;0
26;0.43;0
27;0.43;0
28;0.42;0
29;0.41;0
30;0.41;0
31;0.40;0
32;0.39;0
33;0.39;0
34;0.38;0
35;0.37;0
36;0.37;0
37;0.36;0
38;0.36;0
39;0.35;0
40;0.35;0
41;0.34;0
42;0.34;0
43;0.33;0
44;0.33;0
45;0.32;0
46;0.32;0
47;0.32;0
48;0.31;0
49;0.31;0
50;0.31;0
51;0.30;0
52;0.30;0
53;0.30;0
54;0.30;0
55;0.30;0
56;0.30;0
57;0.30;0
58;0.30;0
59;0.30;0
60;0.30;0
61;0.30;0
62;0.31;0
63;0.31;0
64;0.31;0
65;0.32;0
66;0.32;0
67;0.33;0
68;0.33;0
69;0.34;0
70;0.34;0
71;0.35;0
72;0.36;0
73;0.37;0
74;0.38;0
75;0.39;0
76;0.40;0
77;0.41;0
78;0.42;0
79;0.43;0
80;0.44;0
81;0.46;0
82;0.47;0
83;0.48;0
84;0.50;0
85;0.52;0
86;0.53;0
87;0.55;0
88;0.57;0
89;0.59;0
90;0.61;0
91;0.63;0
92;0.65;0
93;0.68;0
94;0.70;0
95;0.72;0
96;0.75;0
97;0.77;0
98;0.80;0
99;0.83;0
100;0.86;0
101;0.89;0
102;0.92;0
103;0.95;0
104;0.98;0
105;1.02;0
106;1.05;0
107;1.09;0
108;1.12;0
109;1.16;0
110;1.20;0
111;1.24;0
112;1.28;0
113;1.32;0
114;1.36;0
115;1.41;0
116;1.45;0
117;1.50;0
118;1.55;0
119;1.59;0
120;1.64;0
121;1.64;0
122;1.67;0
123;1.70;0
124;1.74;0
125;1.77;0
126;1.80;0
127;1.83;0
128;1.87;0
129;1.90;0
130;1.92;0
131;1.95;0
132;1.98;0
133;2.01;0
134;2.04;0
135;2.06;0
136;2.09;0
137;2.11;0
138;2.14;0
139;2.16;0
140;2.19;0
141;2.21;0
142;2.23;0
143;2.26;0
144;2.28;0
145;2.30;0
146;2.32;0
147;2.34;0
148;2.36;0
149;2.38;0
150;2.40;0
151;2.42;0
152;2.44;0
153;2.46;0
154;2.47;0
155;2.49;0
156;2.51;0
157;2.53;0
158;2.54;0
159;2.56;0
160;2.57;0
161;2.59;0
162;2.60;0
163;2.62;0
164;2.63;0
165;2.65;0
166;2.66;0
167;2.67;0
168;2.69;0
169;2.70;0
170;2.71;0
171;2.73;0
172;2.74;0
173;2.75;0
174;2.76;0
175;2.77;0
176;2.78;0
177;2.80;0
178;2.81;0
179;2.82;0
180;2.83;0
181;2.84;0
182;2.85;0
183;2.86;0
184;2.87;0
185;2.88;0
186;2.89;0
187;2.90;0
188;2.90;0
189;2.91;0
190;2.92;0
191;2.93;0
192;2.94;0
193;2.95;0
194;2.95;0
195;2.96;0
196;2.97;0
197;2.98;0
198;2.98;0
199;2.99;0
200;3.00;0
201;3.01;0
202;3.01;0
203;3.02;0
204;3.03;0
205;3.03;0
206;3.04;0
207;3.04;0
208;3.05;0
209;3.06;0
210;3.06;0
211;3.07;0
212;3.07;0
213;3.08;0
214;3.08;0
215;3.09;0
216;3.09;0
217;3.10;0
218;3.10;0
219;3.11;0
220;3.11;0
221;3.12;0
222;3.12;0
223;3.13;0
224;3.13;0
225;3.13;0
226;3.14;0
227;3.14;0
228;3.15;0
229;3.15;0
230;3.15;0
231;3.16;0
232;3.16;0
233;3.16;0
234;3.17;0
235;3.17;0
236;3.17;0
237;3.17;0
238;3.18;0
239;3.18;0
240;3.18;0
241;3.18;0
242;3.19;0
243;3.19;0
244;3.19;0
245;3.19;0
246;3.20;0
247;3.20;0
248;3.20;0
249;3.20;0
250;3.20;0
251;3.20;0
252;3.21;0
253;3.21;0
254;3.21;0
255;3.21;0
256;3.21;0
257;3.21;0
258;3.21;0
259;3.21;0
260;3.21;0
261;3.21;170
262;3.21;170
263;3.21;170
264;3.21;170
265;3.21;170
266;3.21;170
267;3.21;170
268;3.21;170
269;3.21;170
270;3.21;170
271;3.21;170
272;3.21;170
273;3.21;170
274;3.21;170
275;3.21;170
276;3.21;170
277;3.21;170
278;3.21;170
279;3.20;170
280;3.20;170
281;3.20;170
282;3.20;170
283;3.20;170
284;3.20;170
285;3.19;170
286;3.19;170
287;3.19;170
288;3.19;170
289;3.18;170
290;3.18;170
291;3.18;170
292;3.18;170
293;3.17;170
294;3.17;170
295;3.17;170
296;3.16;170
297;3.16;170
298;3.16;170
299;3.15;170
300;3.15;170
301;3.14;170
302;3.14;170
303;3.14;170
304;3.13;170
305;3.13;170
306;3.12;170
307;3.12;170
308;3.11;170
309;3.11;170
310;3.10;170
311;3.10;170
312;3.09;170
313;3.09;170
314;3.08;170
315;3.08;170
316;3.07;170
317;3.06;170
318;3.06;170
319;3.05;170
320;3.05;170
321;3.04;170
322;3.03;170
323;3.03;170
324;3.02;170
325;3.01;170
326;3.01;170
327;3.00;170
328;2.99;170
329;2.98;170
330;2.98;170
331;2.97;170
332;2.96;170
333;2.95;170
334;2.94;170
335;2.94;170
336;2.93;170
337;2.92;170
338;2.91;170
339;2.90;170
340;2.89;170
341;2.89;170
342;2.88;170
343;2.87;170
344;2.86;170
345;2.85;170
346;2.84;170
347;2.83;170
348;2.82;170
349;2.81;170
350;2.80;170
351;2.79;170
352;2.78;170
353;2.77;170
354;2.76;170
355;2.75;170
356;2.74;170
357;2.73;170
358;2.72;170
359;2.71;170
360;2.70;170
361;2.69;170
362;2.68;0
363;2.67;0
364;2.65;0
365;2.64;0
366;2.63;0
367;2.62;0
368;2.61;0
369;2.60;0
370;2.59;0
371;2.57;0
372;2.56;0
373;2.55;0
374;2.54;0
375;2.53;0
376;2.51;0
377;2.50;0
378;2.49;0
379;2.48;0
380;2.46;0
381;2.45;0
382;2.44;0
383;2.43;0
384;2.41;0
385;2.40;0
386;2.39;0
387;2.37;0
388;2.36;0
389;2.35;0
390;2.33;0
391;2.32;0
392;2.31;0
393;2.29;0
394;2.28;0
395;2.27;0
396;2.25;0
397;2.24;0
398;2.23;0
399;2.21;0
400;2.20;0
401;2.19;0
402;2.17;0
403;2.16;0
404;2.15;0
405;2.13;0
406;2.12;0
407;2.10;0
408;2.09;0
409;2.08;0
410;2.06;0
411;2.05;0
412;2.03;0
413;2.02;0
414;2.01;0
415;1.99;0
416;1.98;0
417;1.96;0
418;1.95;0
419;1.94;0
420;1.92;0
421;1.91;0
422;1.89;0
423;1.88;0
424;1.86;0
425;1.85;0
426;1.84;0
427;1.82;0
428;1.81;0
429;1.79;0
430;1.78;0
431;1.77;0
432;1.75;0
433;1.74;0
434;1.72;0
435;1.71;0
436;1.70;0
437;1.68;0
438;1.67;0
439;1.65;0
440;1.64;0
441;1.63;0
442;1.61;0
443;1.60;0
444;1.58;0
445;1.57;0
446;1.56;0
447;1.54;0
448;1.53;0
449;1.51;0
450;1.50;0
451;1.49;0
452;1.48;0
453;1.46;0
454;1.45;0
455;1.43;0
456;1.42;0
457;1.41;0
458;1.39;0
459;1.38;0
460;1.36;0
461;1.35;0
462;1.33;0
463;1.32;0
464;1.30;0
465;1.29;0
466;1.27;0
467;1.26;0
468;1.24;0
469;1.22;0
470;1.21;0
471;1.19;0
472;1.18;0
473;1.16;0
474;1.15;0
475;1.13;0
476;1.11;0
477;1.10;0
478;1.08;0
479;1.07;0
480;1.05;0
481;1.04;0
482;1.02;0
483;1.00;0
484;0.99;0
485;0.97;0
486;0.96;0
487;0.94;0
488;0.93;0
489;0.91;0
490;0.90;0
491;0.88;0
492;0.87;0
493;0.85;0
494;0.84;0
495;0.82;0
496;0.81;0
497;0.80;0
498;0.78;0
499;0.77;0
500;0.75;0
501;0.74;0
502;0.73;0
503;0.71;0
504;0.70;0
505;0.69;0
506;0.67;0
507;0.66;0
508;0.65;0
509;0.64;0
510;0.62;0
511;0.61;0
512;0.60;0
513;0.59;0
514;0.58;0
515;0.56;0
516;0.55;0
517;0.54;0
518;0.53;0
519;0.52;0
520;0.51;0
521;0.50;0
522;0.49;0
523;0.48;0
524;0.47;0
525;0.46;0
526;0.45;0
527;0.44;0
528;0.44;0
529;0.43;0
530;0.42;0
531;0.41;0
532;0.40;0
533;0.40;0
534;0.39;0
535;0.38;0
536;0.38;0
537;0.37;0
538;0.36;0
539;0.36;0
540;0.35;0
541;0.34;0
542;0.34;0
543;0.33;0
544;0.33;0
545;0.32;0
546;0.32;0
547;0.32;0
548;0.31;0
549;0.31;0
550;0.30;0
551;0.30;0
552;0.30;0
553;0.30;0
554;0.29;0
555;0.29;0
556;0.29;0
557;0.29;0
558;0.28;0
559;0.28;0
560;0.28;0
561;0.28;0
562;0.28;0
563;0.28;0
564;0.28;0
565;0.28;160
566;0.28;160
567;0.28;160
568;0.28;160
569;0.28;160
570;0.28;160
571;0.28;160
572;0.28;160
573;0.28;160
574;0.28;160
575;0.28;160
576;0.28;160
577;0.29;160
578;0.29;160
579;0.29;160
580;0.29;160
581;0.29;160
582;0.30;160
583;0.30;160
584;0.30;160
585;0.30;160
586;0.31;160
587;0.31;160
588;0.31;160
589;0.32;160
590;0.32;160
591;0.32;160
592;0.33;160
593;0.33;160
594;0.33;160
595;0.34;160
596;0.34;160
597;0.34;160
598;0.35;160
599;0.35;160
600;0.36;160
601;0.36;160
602;0.36;160
603;0.37;160
604;0.37;160
605;0.38;160
606;0.38;160
607;0.38;160
608;0.39;160
609;0.39;160
610;0.39;160
611;0.40;160
612;0.40;160
613;0.41;160
614;0.41;160
615;0.41;160
616;0.42;160
617;0.42;160
618;0.42;160
619;0.43;160
620;0.43;160
621;0.43;160
622;0.43;160
623;0.44;160
624;0.44;160
625;0.44;160
626;0.44;160
627;0.44;160
628;0.45;160
629;0.45;160
630;0.45;160
631;0.45;160
632;0.45;160
633;0.45;160
634;0.45;160
635;0.45;160
636;0.45;160
637;0.45;160
638;0.45;160
639;0.45;160
640;0.44;160
641;0.44;160
642;0.44;160
643;0.44;160
644;0.43;160
645;0.43;160
646;0.43;160
647;0.42;160
648;0.42;160
649;0.41;160
650;0.41;160
651;0.40;160
652;0.39;160
653;0.39;160
654;0.39;160
655;0.38;160
656;0.38;160
657;0.38;160
658;0.38;160
659;0.37;160
660;0.37;160
661;0.37;160
662;0.36;160
663;0.36;160
664;0.36;160
665;0.36;160
666;0.35;160
667;0.35;160
668;0.35;160
669;0.35;160
670;0.35;160
671;0.34;160
672;0.34;160
673;0.34;160
674;0.34;160
675;0.33;160
676;0.33;160
677;0.33;160
678;0.33;160
679;0.33;160
680;0.33;160
681;0.32;160
682;0.32;160
683;0.32;160
684;0.32;160
685;0.32;160
686;0.32;160
687;0.31;160
688;0.31;160
689;0.31;160
690;0.31;160
691;0.31;160
692;0.31;160
693;0.31;160
694;0.31;160
695;0.30;160
696;0.30;160
697;0.30;160
698;0.30;160
699;0.30;160
700;0.30;160
701;0.30;160
702;0.30;160
703;0.30;160
704;0.30;160
705;0.30;160
706;0.30;160
707;0.30;160
708;0.29;160
709;0.29;160
710;0.29;160
711;0.29;160
712;0.29;160
713;0.29;160
714;0.29;160
715;0.29;160
716;0.29;160
717;0.29;160
718;0.29;160
719;0.29;160
720;0.29;160
721;0.29;160
722;0.29;160
723;0.29;160
724;0.29;160
725;0.29;160
726;0.29;160
727;0.29;160
728;0.29;160
729;0.29;160
730;0.29;160
731;0.29;160
732;0.29;160
733;0.29;160
734;0.29;160
735;0.29;160
736;0.29;160
737;0.29;160
738;0.29;160
739;0.29;160
740;0.29;160
741;0.30;160
742;0.30;160
743;0.30;160
744;0.30;160
745;0.30;160
746;0.30;160
747;0.30;160
748;0.30;160
749;0.30;160
750;0.30;160
751;0.30;160
752;0.30;160
753;0.30;160
754;0.30;160
755;0.30;160
756;0.30;160
757;0.31;160
758;0.31;160
759;0.31;160
760;0.31;160
761;0.31;160
762;0.31;160
763;0.31;160
764;0.31;160
765;0.31;160
766;0.31;160
767;0.31;160
768;0.32;160
769;0.32;160
770;0.32;160
771;0.32;160
772;0.32;160
773;0.32;160
774;0.32;160
775;0.32;160
776;0.32;160
777;0.32;160
778;0.33;160
779;0.33;160
780;0.33;160
781;0.33;160
782;0.33;160
783;0.33;160
784;0.33;160
785;0.33;160
786;0.33;160
787;0.34;160
788;0.34;160
789;0.34;160
790;0.34;160
791;0.34;160
792;0.34;160
793;0.34;160
794;0.34;160
795;0.34;160
796;0.35;160
797;0.35;160
798;0.35;160
799;0.35;160
800;0.35;160
801;0.35;160
802;0.35;160
803;0.35;160
804;0.35;160
805;0.36;160
806;0.36;160
807;0.36;160
808;0.36;160
809;0.36;160
810;0.36;160
811;0.36;160
812;0.36;160
813;0.37;160
814;0.37;160
815;0.37;160
816;0.37;160
817;0.37;160
818;0.37;160
819;0.37;160
820;0.37;160
821;0.37;160
822;0.38;160
823;0.38;160
824;0.38;160
825;0.38;160
826;0.38;160
827;0.38;160
828;0.38;160
829;0.38;160
830;0.38;160
831;0.38;160
832;0.39;160
833;0.39;160
834;0.39;160
835;0.39;160
836;0.39;160
837;0.39;160
838;0.39;160
839;0.39;160
840;0.39;160
841;0.39;160
842;0.39;160
843;0.40;160
844;0.40;160
845;0.40;160
846;0.40;160
847;0.40;160
848;0.40;160
849;0.40;160
850;0.40;160
851;0.40;160
852;0.40;160
853;0.40;160
854;0.40;160
855;0.40;160
856;0.40;160
857;0.40;160
858;0.40;160
859;0.40;160
860;0.40;160
861;0.40;160
862;0.40;160
863;0.40;160
864;0.40;160
865;0.40;160
866;0.40;160
867;0.40;160
868;0.40;160
869;0.40;160
870;0.40;160
871;0.40;160
872;0.40;160
873;0.40;160
874;0.40;160
875;0.40;160
876;0.40;160
877;0.40;160
878;0.40;160
879;0.40;160
880;0.40;160
881;0.40;160
882;0.40;160
883;0.40;160
884;0.40;160
885;0.40;160
886;0.40;160
887;0.40;160
888;0.40;160
889;0.40;160
890;0.40;160
891;0.40;160
892;0.40;160
893;0.40;160
894;0.40;160
895;0.40;160
896;0.40;160
897;0.40;160
898;0.40;160
899;0.40;160
900;0.40;160
901;0.40;160
902;0.40;160
903;0.40;160
904;0.40;160
905;0.40;160
906;0.40;160
907;0.40;160
908;0.40;160
909;0.40;160
910;0.40;160
911;0.40;160
912;0.40;160
913;0.40;160
914;0.40;160
915;0.40;160
916;0.40;160
917;0.40;160
918;0.40;160
919;0.40;160
920;0.40;160
921;0.40;160
922;0.40;160
923;0.40;160
924;0.40;160
925;0.40;160
926;0.40;160
927;0.40;160
928;0.40;160
929;0.40;160
930;0.40;160
931;0.40;160
932;0.40;160
933;0.40;160
934;0.40;160
935;0.40;160
936;0.40;160
937;0.40;160
938;0.40;160
939;0.40;160
940;0.40;160
941;0.40;160
942;0.40;160
943;0.40;160
944;0.40;160
945;0.40;160
946;0.40;160
947;0.40;160
948;0.40;160
949;0.40;160
950;0.40;160
951;0.40;160
952;0.40;160
953;0.40;160
954;0.40;160
955;0.40;160
956;0.40;160
957;0.40;160
958;0.40;160
959;0.40;160
960;0.40;160
961;0.40;160
962;0.40;160
963;0.40;160
964;0.40;160
965;0.40;160
966;0.40;160
967;0.40;160
968;0.40;160
969;0.40;160
970;0.40;160
971;0.40;160
972;0.40;160
973;0.40;160
974;0.40;160
975;0.40;160
976;0.40;160
977;0.40;160
978;0.40;160
979;0.40;160
980;0.40;160
981;0.40;160
982;0.40;160
983;0.40;160
984;0.40;160
985;0.40;160
986;0.40;160
987;0.40;160
988;0.40;160
989;0.40;160
990;0.40;160
991;0.40;160
992;0.40;160
993;0.40;160
994;0.40;160
995;0.40;160
996;0.40;160
997;0.40;160
998;0.40;160
999;0.40;160
1000;0.40;160
1001;0.40;160
1002;0.40;160
1003;0.40;160
1004;0.40;160
1005;0.40;160
1006;0.40;160
1007;0.40;160
1008;0.40;160
1009;0.40;160
1010;0.40;160
1011;0.40;160
1012;0.40;160
1013;0.40;160
1014;0.40;160
1015;0.40;160
1016;0.40;160
1017;0.40;160
1018;0.40;160
1019;0.40;160
1020;0.40;160
1021;0.40;160
1022;0.40;160
1023;0.40;160
1024;0.40;160
1025;0.40;160
1026;0.40;160
1027;0.40;160
1028;0.40;160
1029;0.40;160
1030;0.40;160
1031;0.40;160
1032;0.40;160
1033;0.40;160
1034;0.40;160
1035;0.40;160
1036;0.40;160
1037;0.40;160
1038;0.40;160
1039;0.40;160
1040;0.40;160
1041;0.40;160
1042;0.40;160
1043;0.40;160
1044;0.40;160
1045;0.40;160
1046;0.40;160
1047;0.40;160
1048;0.40;160
1049;0.40;160
1050;0.40;160
1051;0.40;160
1052;0.40;160
1053;0.40;160
1054;0.40;160
1055;0.40;160
1056;0.40;0
1057;0.40;0
1058;0.40;0
1059;0.40;0
1060;0.40;0
1061;0.40;0
1062;0.40;0
1063;0.40;0
1064;0.40;0
1065;0.40;0
1066;0.40;0
1067;0.40;0
1068;0.40;0
1069;0.40;0
1070;0.40;0
1071;0.40;0
1072;0.40;0
1073;0.40;0
1074;0.40;0
1075;0.40;0
1076;0.40;0
1077;0.40;0
1078;0.40;0
1079;0.40;0
1080;0.40;0
1081;0.40;0
1082;0.40;0
1083;0.40;0
1084;0.40;0
1085;0.40;0
1086;0.40;0
1087;0.40;0
1088;0.40;0
1089;0.40;0
1090;0.40;0
1091;0.40;0
1092;0.40;0
1093;0.40;0
1094;0.40;0
1095;0.40;0
1096;0.40;0
1097;0.40;0
1098;0.40;0
1099;0.40;0
1100;0.40;0
1101;0.40;0
1102;0.40;0
1103;0.40;0
1104;0.40;0
1105;0.40;0
1106;0.40;0
1107;0.40;0
1108;0.40;0
1109;0.40;0
1110;0.40;0
1111;0.40;0
1112;0.40;0
1113;0.40;0
1114;0.40;0
1115;0.40;0
1116;0.40;0
1117;0.40;0
1118;0.40;0
1119;0.40;0
1120;0.40;0
1121;0.40;0
1122;0.40;0
1123;0.40;0
1124;0.40;0
1125;0.40;0
1126;0.40;0
1127;0.40;0
1128;0.40;0
1129;0.40;0
1130;0.40;0
1131;0.40;0
1132;0.40;0
1133;0.40;0
1134;0.40;0
1135;0.40;0
1136;0.40;0
1137;0.40;0
1138;0.40;0
1139;0.40;0
1140;0.40;0
1141;0.40;0
1142;0.40;0
1143;0.40;0
1144;0.40;0
1145;0.40;0
1146;0.40;0
1147;0.40;0
1148;0.40;0
1149;0.40;0
1150;0.40;0
1151;0.40;0
1152;0.40;0
1153;0.40;0
1154;0.40;0
1155;0.40;0
1156;0.40;0
1157;0.40;0
1158;0.40;0
1159;0.40;0
1160;0.40;0
1161;0.40;0
1162;0.40;0
1163;0.40;0
1164;0.40;0
1165;0.40;0
1166;0.40;0
1167;0.40;0
1168;0.40;0
1169;0.40;0
1170;0.40;0
1171;0.40;0
1172;0.40;0
1173;0.40;0
1174;0.40;0
1175;0.40;0
1176;0.40;0
1177;0.40;0
1178;0.40;0
1179;0.40;0
1180;0.40;0
1181;0.40;0
1182;0.40;0
1183;0.40;0
1184;0.40;0
1185;0.40;0
1186;0.40;0
1187;0.40;0
1188;0.40;0
1189;0.40;0
1190;0.40;0
1191;0.40;0
1192;0.40;0
1193;0.40;0
1194;0.40;0
1195;0.40;0
1196;0.40;0
1197;0.40;0
1198;0.40;0
1199;0.40;0
1200;0.40;0
1201;0.40;0
1202;0.40;0
1203;0.40;0
1204;0.40;0
1205;0.40;0
1206;0.40;0
1207;0.40;0
1208;0.40;0
1209;0.40;0
1210;0.40;0
1211;0.40;0
1212;0.40;0
1213;0.40;0
1214;0.40;0
1215;0.40;0
1216;0.40;0
1217;0.40;0
1218;0.40;0
1219;0.40;0
1220;0.40;0
1221;0.40;0
1222;0.40;0
1223;0.40;0
1224;0.40;0
1225;0.40;0
1226;0.40;0
1227;0.40;0
1228;0.40;0
1229;0.40;0
1230;0.40;0
1231;0.40;0
1232;0.40;0
1233;0.40;0
1234;0.40;0
1235;0.40;0
1236;0.40;0
1237;0.40;0
1238;0.40;0
1239;0.40;0
1240;0.40;0
1241;0.40;0
1242;0.40;0
1243;0.40;0
1244;0.40;0
1245;0.40;0
1246;0.40;0
1247;0.40;0
1248;0.40;0
1249;0.40;0
1250;0.40;0
1251;0.40;0
1252;0.40;0
1253;0.40;0
1254;0.40;0
1255;0.40;0
1256;0.40;0
1257;0.40;0
1258;0.40;0
1259;0.40;0
1260;0.40;0
1261;0.40;0
1262;0.40;0
1263;0.40;0
1264;0.40;0
1265;0.40;0
1266;0.40;0
1267;0.40;0
1268;0.40;0
1269;0.40;0
1270;0.40;0
1271;0.40;0
1272;0.40;0
1273;0.40;0
1274;0.40;0
1275;0.40;0
1276;0.40;0
1277;0.40;0
1278;0.40;0
1279;0.40;0
1280;0.40;0
1281;0.40;0
1282;0.40;0
1283;0.40;0
1284;0.40;0
1285;0.40;0
1286;0.40;0
1287;0.40;0
1288;0.40;0
1289;0.40;0
1290;0.40;0
1291;0.40;0
1292;0.40;0
1293;0.40;0
1294;0.40;0
1295;0.40;0
1296;0.40;0
1297;0.40;0
1298;0.40;0
1299;0.40;0
1300;0.40;0
1301;0.40;0
1302;0.40;0
1303;0.40;0
1304;0.40;0
1305;0.40;0
1306;0.40;0
1307;0.40;0
1308;0.40;0
1309;0.40;0
1310;0.40;0
1311;0.40;0
1312;0.40;0
1313;0.40;0
1314;0.40;0
1315;0.40;0
1316;0.40;0
1317;0.40;0
1318;0.40;0
1319;0.40;0
1320;0.40;0
1321;0.40;0
1322;0.40;0
1323;0.40;0
1324;0.40;0
1325;0.40;0
1326;0.40;0
1327;0.40;0
1328;0.40;0
1329;0.40;0
1330;0.40;0
1331;0.40;0
1332;0.40;0
1333;0.40;0
1334;0.40;0
1335;0.40;0
1336;0.40;0
1337;0.40;0
1338;0.40;0
1339;0.40;0
1340;0.40;0
1341;0.40;0
1342;0.40;0
1343;0.40;0
1344;0.40;0
1345;0.40;0
1346;0.40;0
1347;0.40;0
1348;0.40;0
1349;0.40;0
1350;0.40;0
1351;0.40;0
1352;0.40;0
1353;0.40;0
1354;0.40;0
1355;0.40;0
1356;0.40;0
1357;0.40;0
1358;0.40;0
1359;0.40;0
1360;0.40;0
1361;0.40;0
1362;0.40;0
1363;0.40;0
1364;0.40;0
1365;0.40;0
1366;0.40;0
1367;0.40;0
1368;0.40;0
1369;0.40;0
1370;0.40;0
1371;0.40;0
1372;0.40;0
1373;0.40;0
1374;0.40;0
1375;0.40;0
1376;0.40;0
1377;0.40;0
1378;0.40;0
1379;0.40;0
1380;0.40;0
1381;0.40;0
1382;0.40;0
1383;0.40;0
1384;0.40;0
1385;0.40;0
1386;0.40;0
1387;0.40;0
1388;0.40;0
1389;0.40;0
1390;0.40;0
1391;0.40;0
1392;0.40;0
1393;0.40;0
1394;0.40;0
1395;0.40;0
1396;0.40;0
1397;0.40;0
1398;0.40;0
1399;0.40;0
1400;0.40;0
1401;0.40;0
1402;0.40;0
1403;0.40;0
1404;0.40;0
1405;0.40;0
1406;0.40;0
1407;0.40;0
1408;0.40;0
1409;0.40;0
1410;0.40;0
1411;0.40;0
1412;0.40;0
1413;0.40;0
1414;0.40;0
1415;0.40;0
1416;0.39;0
1417;0.39;0
1418;0.39;0
1419;0.39;0
1420;0.39;0
1421;0.39;0
1422;0.39;0
1423;0.38;0
1424;0.38;0
1425;0.38;0
1426;0.38;0
1427;0.38;0
1428;0.38;0
1429;0.37;0
1430;0.37;0
1431;0.37;0
1432;0.37;0
1433;0.37;0
1434;0.37;0
1435;0.36;0
1436;0.36;0
1437;0.36;0
1438;0.36;0
1439;0.36;0
1440;0.36;0
1441;0.35;0
1442;0.35;0
1443;0.35;0
1444;0.35;0
1445;0.35;0
1446;0.34;0
1447;0.34;0
1448;0.34;0
1449;0.34;0
1450;0.34;0
1451;0.33;0
1452;0.33;0
1453;0.33;0
1454;0.33;0
1455;0.32;0
1456;0.32;0
1457;0.32;0
1458;0.32;0
1459;0.31;0
1460;0.31;0
1461;0.31;0
1462;0.31;0
1463;0.30;0
1464;0.30;0
1465;0.30;0
1466;0.29;0
1467;0.29;0
1468;0.29;0
1469;0.29;0
1470;0.28;0
1471;0.28;0
1472;0.28;0
1473;0.27;0
1474;0.27;0
1475;0.27;0
1476;0.27;0
1477;0.26;0
1478;0.26;0
1479;0.26;0
1480;0.25;0
1481;0.25;0
1482;0.25;0
1483;0.24;0
1484;0.24;0
1485;0.24;0
1486;0.23;0
1487;0.23;0
1488;0.23;0
1489;0.22;0
1490;0.22;0
1491;0.22;0
1492;0.21;0
1493;0.21;0
1494;0.21;0
1495;0.20;0
1496;0.20;0
1497;0.20;0
1498;0.19;0
1499;0.19;0
1500;0.19;0
1501;0.18;0
1502;0.18;0
1503;0.18;0
1504;0.17;0
1505;0.17;0
1506;0.17;0
1507;0.16;0
1508;0.16;0
1509;0.16;0
1510;0.15;0
1511;0.15;0
1512;0.15;0
1513;0.14;0
1514;0.14;0
1515;0.14;0
1516;0.13;0
1517;0.13;0
1518;0.13;0
1519;0.12;0
1520;0.12;97
1521;0.12;97
1522;0.11;97
1523;0.11;97
1524;0.11;97
1525;0.11;97
1526;0.10;97
1527;0.10;97
1528;0.10;97
1529;0.09;97
1530;0.09;97
1531;0.09;97
1532;0.09;97
1533;0.08;97
1534;0.08;97
1535;0.08;97
1536;0.08;97
1537;0.07;97
1538;0.07;97
1539;0.07;97
1540;0.07;97
1541;0.06;97
1542;0.06;97
1543;0.06;97
1544;0.06;97
1545;0.06;97
1546;0.05;97
1547;0.05;97
1548;0.05;97
1549;0.05;97
1550;0.05;97
1551;0.05;97
1552;0.04;97
1553;0.04;97
1554;0.04;97
1555;0.04;97
1556;0.04;97
1557;0.04;97
1558;0.04;97
1559;0.03;97
1560;0.03;97
1561;0.03;97
1562;0.03;97
1563;0.03;97
1564;0.03;97
1565;0.03;97
1566;0.03;97
1567;0.03;97
1568;0.03;97
1569;0.03;97
1570;0.03;97
1571;0.03;97
1572;0.03;97
1573;0.03;97
1574;0.03;97
1575;0.03;97
1576;0.03;97
1577;0.03;97
1578;0.03;97
1579;0.03;97
1580;0.03;97
1581;0.03;97
1582;0.03;97
1583;0.03;97
1584;0.03;97
1585;0.03;97
1586;0.03;97
1587;0.03;97
1588;0.03;97
1589;0.03;97
1590;0.03;97
1591;0.04;97
1592;0.04;97
1593;0.04;97
1594;0.04;97
1595;0.04;97
1596;0.04;97
1597;0.04;97
1598;0.05;97
1599;0.05;97
1600;0.05;97
1601;0.05;97
1602;0.05;97
1603;0.05;97
1604;0.06;97
1605;0.06;97
1606;0.06;97
1607;0.06;97
1608;0.07;97
1609;0.07;97
1610;0.07;97
1611;0.07;97
1612;0.07;97
1613;0.08;97
1614;0.08;97
1615;0.08;97
1616;0.09;97
1617;0.09;97
1618;0.09;97
1619;0.09;97
1620;0.10;97
1621;0.10;97
1622;0.10;97
1623;0.11;97
1624;0.11;97
1625;0.11;97
1626;0.12;97
1627;0.12;97
1628;0.12;97
1629;0.13;97
1630;0.13;97
1631;0.13;97
1632;0.14;97
1633;0.14;97
1634;0.14;97
1635;0.15;97
1636;0.15;97
1637;0.16;97
1638;0.16;97
1639;0.16;97
1640;0.17;97
1641;0.17;97
1642;0.17;97
1643;0.18;97
1644;0.18;97
1645;0.19;97
1646;0.19;97
1647;0.19;97
1648;0.20;97
1649;0.20;97
1650;0.21;97
1651;0.21;97
1652;0.22;97
1653;0.22;97
1654;0.22;97
1655;0.23;97
1656;0.23;97
1657;0.24;97
1658;0.24;97
1659;0.24;97
1660;0.25;97
1661;0.25;97
1662;0.26;97
1663;0.26;97
1664;0.27;97
1665;0.27;97
1666;0.27;97
1667;0.28;97
1668;0.28;97
1669;0.29;97
1670;0.29;97
1671;0.30;97
1672;0.30;97
1673;0.30;97
1674;0.31;97
1675;0.31;97
1676;0.32;97
1677;0.32;97
1678;0.32;97
1679;0.33;97
1680;0.33;97
1681;0.34;97
1682;0.34;97
1683;0.34;97
1684;0.35;97
1685;0.35;97
1686;0.36;97
1687;0.36;97
1688;0.36;97
1689;0.37;97
1690;0.37;97
1691;0.38;97
1692;0.38;97
1693;0.38;97
1694;0.39;97
1695;0.39;97
1696;0.39;97
1697;0.40;97
1698;0.40;97
1699;0.41;97
1700;0.41;97
1701;0.41;97
1702;0.42;97
1703;0.42;97
1704;0.42;97
1705;0.43;97
1706;0.43;97
1707;0.43;97
1708;0.44;97
1709;0.44;97
1710;0.44;97
1711;0.45;97
1712;0.45;97
1713;0.45;97
1714;0.46;97
1715;0.46;97
1716;0.46;97
1717;0.46;97
1718;0.47;97
1719;0.47;97
1720;0.47;97
1721;0.48;97
1722;0.48;97
1723;0.48;97
1724;0.48;97
1725;0.49;97
1726;0.49;97
1727;0.49;97
1728;0.50;97
1729;0.50;97
1730;0.50;97
1731;0.50;97
1732;0.51;97
1733;0.51;97
1734;0.51;97
1735;0.51;97
1736;0.52;97
1737;0.52;97
1738;0.52;97
1739;0.52;97
1740;0.53;97
1741;0.53;97
1742;0.53;97
1743;0.53;97
1744;0.54;97
1745;0.54;97
1746;0.54;97
1747;0.54;97
1748;0.55;97
1749;0.55;97
1750;0.55;97
1751;0.56;97
1752;0.56;97
1753;0.56;97
1754;0.56;97
1755;0.57;97
1756;0.57;97
1757;0.57;97
1758;0.58;97
1759;0.58;97
1760;0.58;97
1761;0.59;97
1762;0.59;97
1763;0.59;97
1764;0.59;97
1765;0.59;97
1766;0.59;97
1767;0.60;97
1768;0.60;97
1769;0.60;97
1770;0.60;97
1771;0.60;97
1772;0.60;97
1773;0.60;97
